{
  "stickers" : [
    {
      "filename" : "O Retro.sticker"
    },
    {
      "filename" : "X Retro.sticker"
    },
    {
      "filename" : "X drawn.sticker"
    },
    {
      "filename" : "O drawn.sticker"
    },
    {
      "filename" : "X.sticker"
    },
    {
      "filename" : "O.sticker"
    },
    {
      "filename" : "Retro.sticker"
    },
    {
      "filename" : "Green.sticker"
    },
    {
      "filename" : "Red.sticker"
    },
    {
      "filename" : "Pink.sticker"
    },
    {
      "filename" : "Orange.sticker"
    },
    {
      "filename" : "Purple.sticker"
    },
    {
      "filename" : "Blue.sticker"
    },
    {
      "filename" : "Teal.sticker"
    }
  ],
  "info" : {
    "version" : 1,
    "author" : "xcode"
  },
  "properties" : {
    "grid-size" : "small"
  }
}